cwe,line,real
CWE426,13,CWE90
CWE319,84,CWE319
CWE675,3,CWE675
CWE426,7,CWE284
CWE259,17,CWE534
CWE416,11,CWE469
CWE426,10,CWE114
CWE426,15,CWE780
CWE490,4,CWE570
CWE490,7,CWE484
CWE476,11,CWE680
CWE415,6,CWE758
CWE427,14,CWE427
CWE476,5,CWE476
CWE114,14,CWE114
CWE434,15,CWE680
CWE426,7,CWE680
CWE426,7,CWE758
CWE434,12,CWE761
CWE426,7,CWE114
CWE426,11,CWE773
CWE434,11,CWE188
CWE467,10,CWE272
CWE467,5,CWE563
CWE434,12,CWE188
CWE416,8,CWE761
CWE426,14,CWE90
CWE426,9,CWE114
CWE406,9,CWE416
CWE416,8,CWE675
CWE415,8,CWE416
CWE426,5,CWE688
CWE415,6,CWE758
CWE426,7,CWE773
CWE106,5,CWE398
CWE675,4,CWE675
CWE426,5,CWE338
CWE617,8,CWE617
CWE416,8,CWE761
CWE400,13,CWE761
CWE490,4,CWE546
CWE772,8,CWE398
CWE426,6,CWE758
CWE426,14,CWE617
CWE362,7,CWE617
CWE617,53,CWE617
CWE434,6,CWE617
CWE426,8,CWE426
CWE400,14,CWE90
CWE426,8,CWE377
CWE20,5,CWE252
CWE426,14,CWE761
CWE476,5,CWE476
CWE416,5,CWE476
CWE427,53,CWE427
CWE434,7,CWE90
CWE426,5,CWE252
CWE426,13,CWE620
CWE406,7,CWE467
CWE400,10,CWE253
CWE426,14,CWE256
CWE426,6,CWE680
CWE426,9,CWE284
CWE426,5,CWE546
CWE761,54,CWE761
CWE761,24,CWE761
CWE20,4,CWE404
CWE680,54,CWE680
CWE426,5,CWE426
CWE400,7,CWE114
CWE426,4,CWE571
CWE20,8,CWE404
CWE427,13,CWE427
CWE563,83,CWE563
CWE426,11,CWE114
CWE400,8,CWE252
CWE426,9,CWE272
CWE434,5,CWE253
CWE426,5,CWE563
CWE426,11,CWE253
CWE426,4,CWE252
CWE416,6,CWE758
CWE426,8,CWE785
CWE476,9,CWE416
CWE426,14,CWE606
CWE426,4,CWE563
CWE680,6,CWE680
CWE476,9,CWE672
CWE434,10,CWE665
CWE414,6,CWE404
CWE259,13,CWE535
CWE426,6,CWE114
CWE761,12,CWE761
CWE434,8,CWE475
CWE497,10,CWE391
CWE426,7,CWE114
CWE426,9,CWE272
CWE426,4,CWE775
CWE416,8,CWE761
CWE416,14,CWE90
CWE426,7,CWE478
CWE434,134,CWE90
CWE476,4,CWE617
CWE404,52,CWE404
CWE426,9,CWE773
CWE415,9,CWE404
CWE426,19,CWE606
CWE362,5,CWE481
CWE434,7,CWE253
CWE426,4,CWE563
CWE426,7,CWE758
CWE416,14,CWE761
CWE426,9,CWE377
CWE434,4,CWE563
CWE404,6,CWE761
CWE467,5,CWE843
CWE426,10,CWE252
CWE426,24,CWE680
CWE161,4,CWE252
CWE680,54,CWE680
CWE476,10,CWE563
CWE426,9,CWE272
CWE415,8,CWE667
CWE262,4,CWE617
CWE114,10,CWE114
CWE416,14,CWE416
CWE426,7,CWE758
CWE775,3,CWE775
CWE416,7,CWE761
CWE20,5,CWE775
CWE761,10,CWE761
CWE400,11,CWE252
CWE761,52,CWE761
CWE761,54,CWE761
CWE434,15,CWE244
CWE406,9,CWE416
CWE426,9,CWE785
CWE90,53,CWE90
CWE426,17,CWE680
CWE434,34,CWE761
CWE404,13,CWE761
CWE426,50,CWE319
CWE415,9,CWE467
CWE415,6,CWE404
CWE426,13,CWE506
CWE426,6,CWE114
CWE400,13,CWE761
CWE404,8,CWE404
CWE90,53,CWE90
CWE400,16,CWE226
CWE476,5,CWE563
CWE415,7,CWE775
CWE426,5,CWE338
CWE434,8,CWE475
CWE476,6,CWE476
CWE415,8,CWE588
CWE415,10,CWE284
CWE400,10,CWE367
CWE259,11,CWE259
CWE400,23,CWE666
CWE415,5,CWE758
CWE426,5,CWE773
CWE476,10,CWE680
CWE415,8,CWE416
CWE319,13,CWE506
CWE426,4,CWE252
CWE427,52,CWE427
CWE415,7,CWE416
CWE400,11,CWE253
CWE114,53,CWE114
CWE401,13,CWE591
CWE406,8,CWE416
CWE457,9,CWE253
CWE426,11,CWE680
CWE400,11,CWE252
CWE415,6,CWE476
CWE416,11,CWE511
CWE416,11,CWE90
CWE426,4,CWE404
CWE434,10,CWE176
CWE563,5,CWE563
CWE426,7,CWE688
CWE426,4,CWE427
CWE134,5,CWE484
CWE434,10,CWE253
CWE843,6,CWE843
CWE426,8,CWE114
CWE588,10,CWE588
CWE416,5,CWE123
CWE434,7,CWE563
CWE426,16,CWE680
CWE426,5,CWE563
CWE675,84,CWE675
CWE434,4,CWE665
CWE426,8,CWE114
CWE415,7,CWE416
CWE773,9,CWE773
CWE20,7,CWE773
CWE426,7,CWE426
CWE843,8,CWE843
CWE476,6,CWE396
CWE406,7,CWE680
CWE416,5,CWE404
CWE426,8,CWE284
CWE426,6,CWE587
CWE416,7,CWE253
CWE434,7,CWE252
CWE415,17,CWE617
CWE434,9,CWE761
CWE252,4,CWE680
CWE426,5,CWE398
CWE426,4,CWE253
CWE426,4,CWE775
CWE426,23,CWE222
CWE426,4,CWE843
CWE20,7,CWE404
CWE401,11,CWE252
CWE81,10,CWE114
CWE404,11,CWE404
CWE494,4,CWE252
CWE426,8,CWE843
CWE680,53,CWE680
CWE406,7,CWE467
CWE434,9,CWE188
CWE761,13,CWE761
CWE426,10,CWE114
CWE434,9,CWE665
CWE426,12,CWE427
CWE426,5,CWE427
CWE497,11,CWE273
CWE404,4,CWE404
CWE606,11,CWE606
CWE497,5,CWE253
CWE426,31,CWE319
CWE426,5,CWE563
CWE434,9,CWE665
CWE426,11,CWE114
CWE114,83,CWE114
CWE426,7,CWE468
CWE400,12,CWE761
CWE476,5,CWE563
CWE434,6,CWE252
CWE22,13,CWE15
CWE415,10,CWE416
CWE415,8,CWE416
CWE434,4,CWE761
CWE434,47,CWE606
CWE426,132,CWE666
CWE462,4,CWE397
CWE462,4,CWE90
CWE426,12,CWE506
CWE434,15,CWE90
CWE426,6,CWE688
CWE67,11,CWE114
CWE426,7,CWE680
CWE427,51,CWE427
CWE426,6,CWE680
CWE415,11,CWE416
CWE494,4,CWE546
CWE476,5,CWE563
CWE415,6,CWE758
CWE434,7,CWE665
CWE400,8,CWE253
CWE426,13,CWE761
CWE773,3,CWE773
CWE426,12,CWE606
CWE416,8,CWE390
CWE415,12,CWE680
CWE25,7,CWE390
CWE415,5,CWE758
CWE476,6,CWE476
CWE415,10,CWE284
CWE775,3,CWE775
CWE401,8,CWE253
CWE424,5,CWE427
CWE476,6,CWE476
CWE476,6,CWE366
CWE426,7,CWE758
CWE256,13,CWE256
CWE434,23,CWE666
CWE434,23,CWE546
CWE426,13,CWE666
CWE400,14,CWE90
CWE426,11,CWE377
CWE404,68,CWE404
CWE259,8,CWE319
CWE416,8,CWE390
CWE426,7,CWE426
CWE494,10,CWE272
CWE426,54,CWE426
CWE476,4,CWE476
CWE426,4,CWE680
CWE259,15,CWE534
CWE426,5,CWE563
CWE406,5,CWE253
CWE259,10,CWE319
CWE476,54,CWE476
CWE426,7,CWE464
CWE415,9,CWE377
CWE427,54,CWE427
CWE426,4,CWE252
CWE404,10,CWE404
CWE311,22,CWE321
CWE434,6,CWE476
CWE426,9,CWE680
CWE426,9,CWE272
CWE426,11,CWE426
CWE426,6,CWE758
CWE427,11,CWE427
CWE427,84,CWE427
CWE400,13,CWE591
CWE434,35,CWE666
CWE259,10,CWE259
CWE476,5,CWE617
CWE415,9,CWE416
CWE426,11,CWE606
CWE761,53,CWE761
CWE416,10,CWE366
CWE457,5,CWE252
CWE259,23,CWE328
CWE259,54,CWE259
CWE775,3,CWE775
CWE416,14,CWE416
CWE434,10,CWE606
CWE259,7,CWE511
CWE426,8,CWE464
CWE426,7,CWE758
CWE400,9,CWE252
CWE400,9,CWE196
CWE426,8,CWE272
CWE434,5,CWE476
CWE426,11,CWE680
CWE426,4,CWE476
CWE426,13,CWE90
CWE426,4,CWE427
CWE416,8,CWE606
CWE426,9,CWE284
CWE490,8,CWE398
CWE400,7,CWE606
CWE761,14,CWE761
CWE400,15,CWE90
CWE426,7,CWE252
CWE256,13,CWE256
CWE259,15,CWE534
CWE90,12,CWE90
CWE416,5,CWE404
CWE426,10,CWE367
CWE476,10,CWE680
CWE434,9,CWE252
CWE476,7,CWE758
CWE426,5,CWE758
CWE416,6,CWE675
CWE20,5,CWE775
CWE259,44,CWE327
CWE476,8,CWE617
CWE606,83,CWE606
CWE606,83,CWE780
CWE426,24,CWE510
CWE434,13,CWE427
CWE563,8,CWE563
CWE400,11,CWE90
CWE476,4,CWE253
CWE426,8,CWE843
CWE426,6,CWE758
CWE563,4,CWE563
CWE416,7,CWE511
CWE426,10,CWE284
CWE426,7,CWE773
CWE78,8,CWE426
CWE426,20,CWE606
CWE775,12,CWE775
CWE416,5,CWE546
CWE427,25,CWE427
CWE426,10,CWE588
CWE761,16,CWE761
CWE416,7,CWE761
CWE617,3,CWE617
CWE476,10,CWE506
CWE426,4,CWE570
CWE426,9,CWE588
CWE400,10,CWE615
CWE426,50,CWE606
CWE400,14,CWE226
CWE400,14,CWE90
CWE476,9,CWE680
CWE476,15,CWE123
CWE434,17,CWE247
CWE426,7,CWE284
CWE426,7,CWE478
CWE415,9,CWE404
CWE400,10,CWE253
CWE415,8,CWE416
CWE400,15,CWE90
CWE259,22,CWE319
CWE416,7,CWE761
CWE761,14,CWE761
CWE434,25,CWE427
CWE606,10,CWE606
CWE415,6,CWE775
CWE401,28,CWE327
CWE476,10,CWE680
CWE434,5,CWE253
CWE319,24,CWE325
CWE416,6,CWE761
CWE426,9,CWE680
CWE426,7,CWE775
CWE426,9,CWE284
CWE426,9,CWE90
CWE761,10,CWE761
CWE412,7,CWE483
CWE75,7,CWE398
CWE434,11,CWE665
CWE426,9,CWE680
CWE426,104,CWE761
CWE404,83,CWE404
CWE476,11,CWE680
CWE434,4,CWE252
CWE415,5,CWE563
CWE23,7,CWE404
CWE319,10,CWE319
CWE416,13,CWE606
CWE434,16,CWE114
CWE426,14,CWE680
CWE761,54,CWE761
CWE415,7,CWE416
CWE761,52,CWE761
CWE83,83,CWE90
CWE426,9,CWE272
CWE476,51,CWE476
CWE416,4,CWE123
CWE427,10,CWE427
CWE426,13,CWE90
CWE416,19,CWE617
CWE457,5,CWE563
CWE476,10,CWE680
CWE426,7,CWE843
CWE134,5,CWE546
CWE476,11,CWE563
CWE400,9,CWE253
CWE476,5,CWE253
CWE415,9,CWE416
CWE415,6,CWE758
CWE415,9,CWE253
CWE424,5,CWE427
CWE426,10,CWE606
CWE476,5,CWE758
CWE416,7,CWE253
CWE426,11,CWE588
CWE426,83,CWE426
CWE114,3,CWE114
CWE415,12,CWE775
CWE434,23,CWE606
CWE434,9,CWE665
CWE434,13,CWE591
CWE426,24,CWE606
CWE680,84,CWE680
CWE426,7,CWE426
CWE415,6,CWE563
CWE426,11,CWE426
CWE434,13,CWE606
CWE415,6,CWE758
CWE426,9,CWE588
CWE252,4,CWE252
CWE434,16,CWE123
CWE434,24,CWE15
CWE400,10,CWE114
CWE252,7,CWE252
CWE426,9,CWE284
CWE426,10,CWE338
CWE426,10,CWE176
CWE415,6,CWE758
CWE426,9,CWE114
CWE406,6,CWE467
CWE134,5,CWE563
CWE427,15,CWE427
CWE259,24,CWE319
CWE617,14,CWE617
CWE464,4,CWE252
CWE416,8,CWE761
CWE490,8,CWE253
CWE434,6,CWE252
CWE400,7,CWE427
CWE415,5,CWE758
CWE617,5,CWE617
CWE416,8,CWE761
CWE415,10,CWE364
CWE761,14,CWE761
CWE617,3,CWE617
CWE497,4,CWE253
CWE415,10,CWE253
CWE426,7,CWE114
CWE415,11,CWE416
CWE416,9,CWE676
CWE426,64,CWE761
CWE426,13,CWE244
CWE416,5,CWE563
CWE404,11,CWE404
CWE617,11,CWE617
CWE426,12,CWE426
CWE426,12,CWE483
CWE434,14,CWE90
CWE426,10,CWE680
CWE426,10,CWE680
CWE426,4,CWE563
CWE311,47,CWE327
CWE426,4,CWE680
CWE426,4,CWE843
CWE490,4,CWE398
CWE404,8,CWE404
CWE416,9,CWE680
CWE416,4,CWE563
CWE415,16,CWE606
CWE416,11,CWE761
CWE415,10,CWE253
CWE476,4,CWE617
CWE426,11,CWE761
CWE434,16,CWE761
CWE362,5,CWE253
CWE114,83,CWE114
CWE426,10,CWE680
CWE434,24,CWE319
CWE400,10,CWE427
CWE259,5,CWE252
CWE426,5,CWE427
CWE425,6,CWE563
CWE20,4,CWE426
CWE426,5,CWE680
CWE416,11,CWE90
CWE426,8,CWE426
CWE404,68,CWE404
CWE434,10,CWE253
CWE773,13,CWE773
CWE259,12,CWE535
CWE426,9,CWE252
CWE490,4,CWE252
CWE476,5,CWE476
CWE761,22,CWE761
CWE426,14,CWE666
CWE426,6,CWE773
CWE490,8,CWE377
CWE415,9,CWE416
CWE434,10,CWE253
CWE415,7,CWE476
CWE490,7,CWE253
CWE476,11,CWE680
CWE426,10,CWE364
CWE415,6,CWE416
CWE426,9,CWE427
CWE416,12,CWE114
CWE400,14,CWE226
CWE476,4,CWE680
CWE476,4,CWE90
CWE415,5,CWE758
CWE426,10,CWE617
CWE773,12,CWE773
CWE426,10,CWE284
CWE404,53,CWE404
CWE426,11,CWE426
CWE426,8,CWE272
CWE427,6,CWE427
CWE426,11,CWE591
CWE426,10,CWE427
CWE426,11,CWE259
CWE426,8,CWE606
CWE90,54,CWE90
CWE476,8,CWE680
CWE426,9,CWE284
CWE400,14,CWE319
CWE311,27,CWE327
CWE20,7,CWE675
CWE426,7,CWE284
CWE400,14,CWE90
CWE81,13,CWE90
CWE406,6,CWE758
CWE416,4,CWE775
CWE617,15,CWE617
CWE400,11,CWE591
CWE20,5,CWE404
CWE665,6,CWE665
CWE426,9,CWE680
CWE406,11,CWE416
CWE617,4,CWE617
CWE434,5,CWE253
CWE467,6,CWE563
CWE467,6,CWE775
CWE415,6,CWE758
CWE20,4,CWE675
CWE426,14,CWE256
CWE84,5,CWE114
CWE400,8,CWE253
CWE476,5,CWE617
CWE426,9,CWE468
CWE606,84,CWE606
CWE427,14,CWE427
CWE761,11,CWE761
CWE424,4,CWE427
CWE415,11,CWE416
CWE20,7,CWE404
CWE476,4,CWE617
CWE16,7,CWE617
CWE415,11,CWE680
CWE490,5,CWE252
CWE426,6,CWE758
CWE424,5,CWE427
CWE415,8,CWE758
CWE416,5,CWE398
CWE20,6,CWE252
CWE426,9,CWE459
CWE400,8,CWE253
CWE400,8,CWE223
CWE690,4,CWE546
CWE426,7,CWE377
CWE456,4,CWE665
CWE415,7,CWE832
CWE416,7,CWE563
CWE426,4,CWE672
CWE434,24,CWE319
CWE426,4,CWE252
CWE476,5,CWE476
CWE426,4,CWE252
CWE476,8,CWE196
CWE416,6,CWE404
CWE426,5,CWE114
CWE476,9,CWE680
CWE476,9,CWE90
CWE416,5,CWE546
CWE434,6,CWE253
CWE563,83,CWE563
CWE259,12,CWE535
CWE416,8,CWE606
CWE400,14,CWE427
CWE484,10,CWE272
CWE400,13,CWE761
CWE404,7,CWE252
CWE259,13,CWE226
CWE20,8,CWE775
CWE617,8,CWE617
CWE90,11,CWE90
CWE415,5,CWE775
CWE415,6,CWE675
CWE426,10,CWE114
CWE562,7,CWE562
CWE416,7,CWE761
CWE761,12,CWE761
CWE606,10,CWE606
CWE434,11,CWE606
CWE415,5,CWE773
CWE426,11,CWE680
CWE563,84,CWE563
CWE434,5,CWE90
CWE426,7,CWE272
CWE426,10,CWE391
CWE427,53,CWE427
CWE415,4,CWE617
CWE400,13,CWE761
CWE311,40,CWE327
CWE434,9,CWE681
CWE400,11,CWE253
CWE426,4,CWE15
CWE426,17,CWE123
CWE400,10,CWE620
CWE426,16,CWE680
CWE416,7,CWE617
CWE426,7,CWE252
CWE415,9,CWE680
CWE476,7,CWE476
CWE326,6,CWE563
CWE426,6,CWE476
CWE761,11,CWE761
CWE22,11,CWE426
CWE426,9,CWE426
CWE476,4,CWE476
CWE497,4,CWE252
CWE390,5,CWE563
CWE412,6,CWE398
CWE426,4,CWE398
CWE426,22,CWE666
CWE259,7,CWE259
CWE426,10,CWE427
CWE416,8,CWE469
CWE22,7,CWE426
CWE426,8,CWE404
CWE426,4,CWE416
CWE415,5,CWE758
CWE680,11,CWE680
CWE426,10,CWE427
CWE426,10,CWE188
CWE400,13,CWE114
CWE476,11,CWE680
CWE476,11,CWE90
CWE434,10,CWE681
CWE404,11,CWE404
CWE426,9,CWE284
CWE415,11,CWE416
CWE426,14,CWE256
CWE416,5,CWE391
CWE434,9,CWE252
CWE415,5,CWE404
CWE434,9,CWE681
CWE416,7,CWE404
CWE617,15,CWE617
CWE434,56,CWE114
CWE426,5,CWE252
CWE426,9,CWE588
CWE606,53,CWE606
CWE78,5,CWE563
CWE68,6,CWE15
CWE426,11,CWE427
CWE415,6,CWE758
CWE426,9,CWE665
CWE426,9,CWE90
CWE591,54,CWE591
CWE415,5,CWE563
CWE563,12,CWE563
CWE476,7,CWE476
CWE416,9,CWE253
CWE415,8,CWE758
CWE426,8,CWE773
CWE400,9,CWE665
CWE665,11,CWE665
CWE207,10,CWE591
CWE426,7,CWE272
CWE426,5,CWE563
CWE415,11,CWE366
CWE416,6,CWE785
CWE490,11,CWE273
CWE400,10,CWE176
CWE675,5,CWE675
CWE476,5,CWE617
CWE490,11,CWE176
CWE416,6,CWE571
CWE400,5,CWE563
CWE457,17,CWE123
CWE416,7,CWE675
CWE761,54,CWE761
CWE22,6,CWE773
CWE259,6,CWE256
CWE404,54,CWE404
CWE23,5,CWE404
CWE415,11,CWE416
CWE434,16,CWE90
CWE415,7,CWE832
CWE406,7,CWE758
CWE426,8,CWE426
CWE415,7,CWE404
CWE426,8,CWE606
CWE362,4,CWE476
CWE319,23,CWE325
CWE319,23,CWE675
CWE426,9,CWE665
CWE426,26,CWE319
CWE425,7,CWE398
CWE427,11,CWE427
CWE415,8,CWE758
CWE665,9,CWE665
CWE416,5,CWE758
CWE434,8,CWE114
CWE426,10,CWE252
CWE426,5,CWE398
CWE434,12,CWE114
CWE426,5,CWE253
CWE415,7,CWE398
CWE20,4,CWE253
CWE415,11,CWE775
CWE426,9,CWE123
CWE404,52,CWE404
CWE426,11,CWE253
CWE426,9,CWE284
CWE114,54,CWE114
CWE400,16,CWE114
CWE321,12,CWE321
CWE775,84,CWE775
CWE252,5,CWE253
CWE476,9,CWE680
CWE416,5,CWE563
CWE476,8,CWE672
CWE416,6,CWE476
CWE415,7,CWE404
CWE416,9,CWE680
CWE497,4,CWE252
CWE416,8,CWE761
CWE761,15,CWE761
CWE416,5,CWE123
CWE476,4,CWE563
CWE476,4,CWE563
CWE426,6,CWE242
CWE490,4,CWE571
CWE259,10,CWE319
CWE426,12,CWE427
CWE416,7,CWE416
CWE20,5,CWE252
CWE416,13,CWE114
CWE400,14,CWE606
CWE775,52,CWE775
CWE401,6,CWE761
CWE434,6,CWE476
CWE434,8,CWE90
CWE467,4,CWE252
CWE426,6,CWE758
CWE426,5,CWE563
CWE400,11,CWE427
CWE476,14,CWE123
CWE427,13,CWE427
CWE426,13,CWE226
CWE617,3,CWE617
CWE404,10,CWE253
CWE416,8,CWE606
CWE426,13,CWE427
CWE476,54,CWE476
CWE416,6,CWE761
CWE426,11,CWE680
CWE563,12,CWE563
CWE319,5,CWE252
CWE416,10,CWE680
CWE259,10,CWE259
CWE426,10,CWE426
CWE416,8,CWE606
CWE416,5,CWE252
CWE416,14,CWE90
CWE259,14,CWE535
CWE426,11,CWE114
CWE426,11,CWE459
CWE490,5,CWE15
CWE426,9,CWE114
CWE434,5,CWE480
CWE434,15,CWE617
CWE20,4,CWE252
CWE434,6,CWE252
CWE462,7,CWE396
CWE426,9,CWE459
CWE427,19,CWE427
CWE761,51,CWE761
CWE434,16,CWE15
CWE426,4,CWE252
CWE426,5,CWE398
CWE319,14,CWE319
CWE606,52,CWE606
CWE23,5,CWE404
CWE415,8,CWE416
CWE415,8,CWE416
CWE761,10,CWE761
CWE400,7,CWE90
CWE490,16,CWE123
CWE426,54,CWE114
CWE606,53,CWE606
CWE416,9,CWE606
CWE467,14,CWE617
CWE400,8,CWE253
CWE426,4,CWE843
CWE20,6,CWE404
CWE426,9,CWE680
CWE490,4,CWE571
CWE406,7,CWE252
CWE256,9,CWE256
CWE775,12,CWE775
CWE476,53,CWE476
CWE680,54,CWE680
CWE426,5,CWE563
CWE675,84,CWE675
CWE404,9,CWE416
CWE434,5,CWE253
CWE406,11,CWE416
CWE617,12,CWE617
CWE22,5,CWE404
CWE426,21,CWE114
CWE426,9,CWE114
CWE415,6,CWE476
CWE426,6,CWE252
CWE426,4,CWE252
CWE404,12,CWE90
CWE426,11,CWE785
CWE427,10,CWE427
CWE467,4,CWE398
CWE495,5,CWE253
CWE467,6,CWE617
CWE426,4,CWE252
CWE426,5,CWE426
CWE426,6,CWE688
CWE434,24,CWE666
CWE90,54,CWE90
CWE665,6,CWE665
CWE761,83,CWE761
CWE426,32,CWE606
CWE416,4,CWE617
CWE476,7,CWE758
CWE426,9,CWE284
CWE426,11,CWE90
CWE416,7,CWE761
CWE426,14,CWE90
CWE20,7,CWE253
CWE680,13,CWE680
CWE415,5,CWE416
CWE426,9,CWE377
CWE426,13,CWE606
CWE406,7,CWE758
CWE606,16,CWE606
CWE563,8,CWE563
CWE497,5,CWE252
CWE400,9,CWE284
CWE400,9,CWE90
CWE400,7,CWE761
CWE426,5,CWE416
CWE412,7,CWE398
CWE259,10,CWE259
CWE416,6,CWE676
CWE319,14,CWE325
CWE680,4,CWE680
CWE426,8,CWE114
CWE426,4,CWE427
CWE114,84,CWE114
CWE416,5,CWE563
CWE426,5,CWE588
CWE476,11,CWE506
CWE497,5,CWE253
CWE416,6,CWE676
CWE426,4,CWE843
CWE680,11,CWE680
CWE426,16,CWE223
CWE426,11,CWE284
CWE426,15,CWE617
CWE415,5,CWE476
CWE415,5,CWE843
CWE773,53,CWE773
CWE426,6,CWE416
CWE426,4,CWE252
CWE311,44,CWE327
CWE426,12,CWE256
CWE426,12,CWE666
CWE434,10,CWE680
CWE434,6,CWE253
CWE434,6,CWE325
CWE773,12,CWE773
CWE415,8,CWE758
CWE400,8,CWE416
CWE606,53,CWE606
CWE434,22,CWE761
CWE434,10,CWE253
CWE476,11,CWE416
CWE476,11,CWE506
CWE426,9,CWE377
CWE259,14,CWE259
CWE114,11,CWE114
CWE426,15,CWE90
CWE426,8,CWE676
CWE426,24,CWE114
CWE415,10,CWE114
CWE426,7,CWE468
CWE617,3,CWE617
CWE490,7,CWE377
CWE259,11,CWE319
CWE476,7,CWE476
CWE415,5,CWE758
CWE415,10,CWE775
CWE426,16,CWE680
CWE415,11,CWE416
CWE476,11,CWE680
CWE319,14,CWE319
CWE476,5,CWE617
CWE426,10,CWE284
CWE427,16,CWE427
CWE426,9,CWE427
CWE22,11,CWE773
CWE606,15,CWE606
CWE404,9,CWE404
CWE426,6,CWE404
CWE362,5,CWE563
CWE476,13,CWE506
CWE400,11,CWE226
CWE426,9,CWE680
CWE406,11,CWE680
CWE415,8,CWE758
CWE426,14,CWE223
CWE319,52,CWE319
CWE259,7,CWE319
CWE362,5,CWE617
CWE606,52,CWE606
CWE476,8,CWE467
CWE252,5,CWE570
CWE415,9,CWE416
CWE415,5,CWE758
CWE434,11,CWE681
CWE434,5,CWE665
CWE337,13,CWE259
CWE404,12,CWE404
CWE415,11,CWE416
CWE490,9,CWE459
CWE426,8,CWE606
CWE426,9,CWE272
CWE426,24,CWE510
CWE259,4,CWE479
CWE134,5,CWE563
CWE426,13,CWE90
CWE426,13,CWE680
CWE400,11,CWE416
CWE416,15,CWE90
CWE416,68,CWE761
CWE761,4,CWE761
CWE404,8,CWE761
CWE490,4,CWE571
CWE326,9,CWE253
CWE494,4,CWE252
CWE426,10,CWE284
CWE416,5,CWE404
CWE606,10,CWE606
CWE426,11,CWE226
CWE434,23,CWE606
CWE490,5,CWE427
CWE415,8,CWE377
CWE426,8,CWE588
CWE426,6,CWE252
CWE416,6,CWE404
CWE406,10,CWE253
CWE416,11,CWE123
CWE415,8,CWE404
CWE426,15,CWE680
CWE426,14,CWE114
CWE426,4,CWE252
CWE427,54,CWE427
CWE424,4,CWE427
CWE114,10,CWE114
CWE434,50,CWE114
CWE426,4,CWE775
CWE412,8,CWE398
CWE426,10,CWE506
CWE426,6,CWE404
CWE476,5,CWE758
CWE426,9,CWE272
CWE426,4,CWE416
CWE416,4,CWE617
CWE476,5,CWE398
CWE416,14,CWE761
CWE20,7,CWE775
CWE415,6,CWE416
CWE22,9,CWE253
CWE362,6,CWE680
CWE400,13,CWE761
CWE416,4,CWE476
CWE426,4,CWE252
CWE426,4,CWE416
CWE426,7,CWE377
CWE416,7,CWE606
CWE22,5,CWE377
CWE311,15,CWE325
CWE415,5,CWE563
CWE416,8,CWE606
CWE424,4,CWE427
CWE406,10,CWE416
CWE426,9,CWE272
CWE427,14,CWE427
CWE404,6,CWE685
CWE606,13,CWE606
CWE416,8,CWE511
CWE476,8,CWE672
CWE666,4,CWE617
CWE416,11,CWE761
CWE22,6,CWE511
CWE497,5,CWE252
CWE416,7,CWE758
CWE606,11,CWE606
CWE427,61,CWE427
CWE415,25,CWE606
CWE434,16,CWE427
CWE427,83,CWE427
CWE457,6,CWE563
CWE427,53,CWE427
CWE415,5,CWE758
CWE426,7,CWE377
CWE606,10,CWE606
CWE319,5,CWE252
CWE426,8,CWE252
CWE426,5,CWE563
CWE415,5,CWE546
CWE406,7,CWE758
CWE415,5,CWE476
CWE617,11,CWE617
CWE404,5,CWE427
CWE311,7,CWE253
CWE400,14,CWE761
CWE426,7,CWE426
CWE416,11,CWE90
CWE606,12,CWE606
CWE426,5,CWE758
CWE415,5,CWE253
CWE415,7,CWE404
CWE434,23,CWE606
CWE426,9,CWE284
CWE426,6,CWE252
CWE415,6,CWE404
CWE401,31,CWE319
CWE426,104,CWE319
CWE426,17,CWE123
CWE427,13,CWE427
CWE773,54,CWE773
CWE761,8,CWE761
CWE321,83,CWE321
CWE426,14,CWE114
CWE434,5,CWE253
CWE416,14,CWE114
CWE416,6,CWE563
CWE400,7,CWE252
CWE426,11,CWE367
CWE457,5,CWE617
CWE434,5,CWE672
CWE426,11,CWE114
CWE285,11,CWE464
CWE401,10,CWE259
CWE400,8,CWE253
CWE426,5,CWE398
CWE415,6,CWE416
CWE415,7,CWE404
CWE467,5,CWE476
CWE773,10,CWE773
CWE415,6,CWE758
CWE563,8,CWE563
CWE20,5,CWE252
CWE426,11,CWE367
CWE415,5,CWE476
CWE400,7,CWE761
CWE259,21,CWE319
CWE259,21,CWE90
CWE617,3,CWE617
CWE426,10,CWE284
CWE415,14,CWE761
CWE78,8,CWE426
CWE434,24,CWE510
CWE457,17,CWE123
CWE252,5,CWE253
CWE90,12,CWE90
CWE400,16,CWE606
CWE843,9,CWE843
CWE490,6,CWE253
CWE426,34,CWE319
CWE426,6,CWE253
CWE761,53,CWE761
CWE426,11,CWE606
CWE401,11,CWE620
CWE434,50,CWE761
CWE404,10,CWE253
CWE476,9,CWE680
CWE416,14,CWE761
CWE426,11,CWE427
CWE416,5,CWE563
CWE78,7,CWE464
CWE426,5,CWE758
CWE400,11,CWE90
CWE416,7,CWE761
CWE426,10,CWE680
CWE200,6,CWE617
CWE415,7,CWE758
CWE476,9,CWE680
CWE123,52,CWE123
CWE588,3,CWE588
CWE426,11,CWE253
CWE259,10,CWE259
CWE416,5,CWE404
CWE426,10,CWE252
CWE114,3,CWE114
CWE425,4,CWE479
CWE426,4,CWE273
CWE426,21,CWE680
CWE426,10,CWE272
CWE675,83,CWE675
CWE426,4,CWE427
CWE426,13,CWE90
CWE415,8,CWE773
CWE494,5,CWE252
CWE319,53,CWE319
CWE426,4,CWE680
CWE464,7,CWE511
CWE476,5,CWE253
CWE416,5,CWE571
CWE400,7,CWE252
CWE617,11,CWE617
CWE415,11,CWE416
CWE416,6,CWE675
CWE400,12,CWE761
CWE415,14,CWE680
CWE259,10,CWE319
CWE467,11,CWE672
CWE484,8,CWE272
CWE426,5,CWE338
CWE497,5,CWE253
CWE415,7,CWE758
CWE415,8,CWE404
CWE415,9,CWE680
CWE617,83,CWE617
CWE434,8,CWE252
CWE476,11,CWE563
CWE416,6,CWE758
CWE90,13,CWE90
CWE434,19,CWE761
CWE426,12,CWE391
CWE665,8,CWE665
CWE426,14,CWE114
CWE84,8,CWE775
CWE426,17,CWE510
CWE415,9,CWE416
CWE571,13,CWE571
CWE416,6,CWE426
CWE476,5,CWE253
CWE415,6,CWE476
CWE426,5,CWE253
CWE476,6,CWE416
CWE426,14,CWE680
CWE114,4,CWE114
CWE114,4,CWE467
CWE426,14,CWE506
CWE426,11,CWE426
CWE434,6,CWE114
CWE476,8,CWE680
CWE20,5,CWE773
CWE259,14,CWE256
CWE680,84,CWE680
CWE680,84,CWE588
CWE660,5,CWE617
CWE467,5,CWE563
CWE416,7,CWE563
CWE434,19,CWE90
CWE259,9,CWE259
CWE415,6,CWE252
CWE434,13,CWE90
CWE606,11,CWE606
CWE415,15,CWE617
CWE494,4,CWE252
CWE426,8,CWE478
CWE252,6,CWE680
CWE426,16,CWE319
CWE434,14,CWE114
CWE476,54,CWE476
CWE434,8,CWE680
CWE415,11,CWE416
CWE415,10,CWE416
CWE415,5,CWE563
CWE426,9,CWE252
CWE476,11,CWE680
CWE427,83,CWE427
CWE259,5,CWE253
CWE400,11,CWE90
CWE406,8,CWE252
CWE426,34,CWE328
CWE426,34,CWE90
CWE426,7,CWE667
CWE415,7,CWE667
CWE427,10,CWE427
CWE404,52,CWE404
CWE404,8,CWE404
CWE490,9,CWE426
CWE680,11,CWE680
CWE259,8,CWE259
CWE761,16,CWE761
CWE406,5,CWE416
CWE415,7,CWE832
CWE434,11,CWE123
CWE400,13,CWE591
CWE476,8,CWE396
CWE426,4,CWE427
CWE400,11,CWE253
CWE476,5,CWE253
CWE404,11,CWE761
CWE259,68,CWE259
CWE90,84,CWE90
CWE90,14,CWE90
CWE426,8,CWE761
CWE426,9,CWE272
CWE114,54,CWE114
CWE416,5,CWE482
CWE680,15,CWE680
CWE476,11,CWE506
CWE426,14,CWE114
CWE467,7,CWE758
CWE606,16,CWE606
CWE675,4,CWE675
CWE412,6,CWE398
CWE416,5,CWE563
CWE134,8,CWE484
CWE404,68,CWE404
CWE426,4,CWE843
CWE476,4,CWE476
CWE256,54,CWE256
CWE416,5,CWE252
CWE114,10,CWE114
CWE415,6,CWE758
CWE415,5,CWE476
CWE415,5,CWE672
CWE416,4,CWE404
CWE400,14,CWE606
CWE680,83,CWE680
CWE319,15,CWE319
CWE426,7,CWE377
CWE434,8,CWE476
CWE292,8,CWE390
CWE490,10,CWE176
CWE434,10,CWE681
CWE426,7,CWE416
CWE476,4,CWE476
CWE415,9,CWE416
CWE476,5,CWE758
CWE426,11,CWE284
CWE82,8,CWE606
CWE588,11,CWE588
CWE426,5,CWE253
CWE416,9,CWE588
CWE415,8,CWE114
CWE617,51,CWE617
CWE761,54,CWE761
CWE497,4,CWE252
CWE426,13,CWE591
CWE563,5,CWE563
CWE426,10,CWE272
CWE415,9,CWE416
CWE426,34,CWE666
CWE400,8,CWE606
CWE426,7,CWE665
CWE400,14,CWE761
CWE321,68,CWE321
CWE319,4,CWE252
CWE606,65,CWE606
CWE319,84,CWE319
CWE90,8,CWE90
CWE666,4,CWE617
CWE426,4,CWE252
CWE416,4,CWE676
CWE426,8,CWE252
CWE416,6,CWE404
CWE82,8,CWE114
CWE82,8,CWE666
CWE416,7,CWE680
CWE426,11,CWE272
CWE426,20,CWE680
CWE426,10,CWE426
CWE400,10,CWE416
CWE476,13,CWE506
CWE843,54,CWE843
CWE400,24,CWE319
CWE414,7,CWE404
CWE761,13,CWE761
CWE427,54,CWE427
CWE563,83,CWE563
CWE426,4,CWE843
CWE426,11,CWE665
CWE20,7,CWE404
CWE416,10,CWE114
CWE424,4,CWE427
CWE415,8,CWE377
CWE207,10,CWE591
CWE22,5,CWE773
CWE426,13,CWE114
CWE426,11,CWE284
CWE404,84,CWE404
CWE415,7,CWE667
CWE426,7,CWE404
CWE426,5,CWE253
CWE78,4,CWE588
CWE426,14,CWE427
CWE426,11,CWE272
CWE415,7,CWE758
CWE362,6,CWE511
CWE426,24,CWE319
CWE415,7,CWE758
CWE427,54,CWE427
CWE426,11,CWE253
CWE337,24,CWE319
CWE665,10,CWE665
CWE476,11,CWE506
CWE400,9,CWE390
CWE490,7,CWE253
CWE427,8,CWE427
CWE416,8,CWE761
CWE426,10,CWE114
CWE90,54,CWE90
CWE416,8,CWE404
CWE415,5,CWE404
CWE476,5,CWE476
CWE362,5,CWE511
CWE415,10,CWE680
CWE259,4,CWE252
CWE427,84,CWE427
CWE416,7,CWE761
CWE434,8,CWE665
CWE416,9,CWE667
CWE427,54,CWE427
CWE426,7,CWE114
CWE415,6,CWE667
CWE362,5,CWE252
CWE490,10,CWE176
CWE426,8,CWE675
CWE426,4,CWE476
CWE134,6,CWE563
CWE415,6,CWE758
CWE426,9,CWE272
CWE426,6,CWE252
CWE457,5,CWE563
CWE434,8,CWE665
CWE426,68,CWE426
CWE415,7,CWE667
CWE416,6,CWE758
CWE427,68,CWE427
CWE404,10,CWE404
CWE415,9,CWE416
CWE617,11,CWE617
CWE415,10,CWE416
CWE416,68,CWE123
CWE490,8,CWE688
CWE761,8,CWE761
CWE415,7,CWE758
CWE319,61,CWE319
CWE426,9,CWE588
CWE606,54,CWE606
CWE123,68,CWE123
CWE434,14,CWE427
CWE426,20,CWE510
CWE84,4,CWE665
CWE426,7,CWE758
CWE426,11,CWE90
CWE400,15,CWE606
CWE415,5,CWE675
CWE426,4,CWE476
CWE416,5,CWE404
CWE426,14,CWE223
CWE476,11,CWE680
CWE426,7,CWE404
CWE426,7,CWE758
CWE400,11,CWE761
CWE434,9,CWE588
CWE426,5,CWE588
CWE434,9,CWE681
CWE20,9,CWE675
CWE462,7,CWE396
CWE776,5,CWE563
CWE416,11,CWE272
CWE416,5,CWE775
CWE400,15,CWE606
CWE680,10,CWE680
CWE434,5,CWE832
CWE426,7,CWE459
CWE426,7,CWE90
CWE426,8,CWE377
CWE321,12,CWE321
CWE22,5,CWE404
CWE426,6,CWE775
CWE416,9,CWE469
CWE416,8,CWE606
CWE416,32,CWE606
CWE426,6,CWE606
CWE426,7,CWE114
CWE426,8,CWE242
CWE426,10,CWE427
CWE404,13,CWE606
CWE415,8,CWE416
CWE426,11,CWE426
CWE490,5,CWE253
CWE426,4,CWE479
CWE426,11,CWE123
CWE415,7,CWE758
CWE416,6,CWE398
CWE426,5,CWE338
CWE416,8,CWE606
CWE490,9,CWE284
CWE426,7,CWE758
CWE114,68,CWE114
CWE415,8,CWE758
CWE434,9,CWE665
CWE680,84,CWE680
CWE426,4,CWE680
CWE497,5,CWE398
CWE416,5,CWE773
CWE476,8,CWE843
CWE259,4,CWE672
CWE415,10,CWE416
CWE426,11,CWE272
CWE476,9,CWE680
CWE123,54,CWE123
CWE426,25,CWE319
CWE434,17,CWE90
CWE434,10,CWE427
CWE476,4,CWE563
CWE406,10,CWE416
CWE426,5,CWE563
CWE426,13,CWE680
CWE761,11,CWE761
CWE434,6,CWE665
CWE406,10,CWE416
CWE497,4,CWE675
CWE476,5,CWE467
CWE78,8,CWE426
CWE416,8,CWE773
CWE457,5,CWE476
CWE415,13,CWE506
CWE476,53,CWE476
CWE426,14,CWE90
CWE20,7,CWE773
CWE426,10,CWE272
CWE427,68,CWE427
CWE311,7,CWE321
CWE617,52,CWE617
CWE426,13,CWE90
CWE426,7,CWE390
CWE426,8,CWE252
CWE426,9,CWE680
CWE404,54,CWE404
CWE337,7,CWE259
CWE434,6,CWE665
CWE426,11,CWE253
CWE591,11,CWE591
CWE476,6,CWE758
CWE400,12,CWE114
CWE426,21,CWE114
CWE426,8,CWE377
CWE200,14,CWE591
CWE476,7,CWE617
CWE426,11,CWE773
CWE123,54,CWE123
CWE400,10,CWE427
CWE427,52,CWE427
CWE427,52,CWE256
CWE426,4,CWE546
CWE476,5,CWE480
CWE415,7,CWE476
CWE404,8,CWE404
CWE259,14,CWE256
CWE426,9,CWE284
CWE426,5,CWE15
CWE680,15,CWE680
CWE400,11,CWE90
CWE114,68,CWE114
CWE416,14,CWE761
CWE327,44,CWE327
CWE426,7,CWE284
CWE416,7,CWE758
CWE416,8,CWE761
CWE415,10,CWE416
CWE773,10,CWE773
CWE415,5,CWE563
CWE426,11,CWE114
CWE426,8,CWE426
CWE761,3,CWE761
CWE400,13,CWE761
CWE761,52,CWE761
CWE416,5,CWE758
CWE400,11,CWE416
CWE426,15,CWE427
CWE256,12,CWE256
CWE416,10,CWE90
CWE434,9,CWE475
CWE426,4,CWE416
CWE563,5,CWE563
CWE426,12,CWE606
CWE426,16,CWE123
CWE617,10,CWE617
CWE434,8,CWE665
CWE761,84,CWE761
CWE416,8,CWE758
CWE772,7,CWE563
CWE427,6,CWE427
CWE259,7,CWE511
CWE434,4,CWE476
CWE426,10,CWE272
CWE426,6,CWE758
CWE426,5,CWE427
CWE252,4,CWE476
CWE426,14,CWE244
CWE416,100,CWE114
CWE426,9,CWE675
CWE321,81,CWE321
CWE434,8,CWE114
CWE416,6,CWE511
CWE484,9,CWE253
CWE319,16,CWE325
CWE426,13,CWE761
CWE259,61,CWE259
CWE426,13,CWE114
CWE490,9,CWE391
CWE400,13,CWE761
CWE426,4,CWE563
CWE426,5,CWE252
CWE362,5,CWE481
CWE426,10,CWE252
CWE426,5,CWE398
CWE426,5,CWE617
CWE416,4,CWE563
CWE426,6,CWE758
CWE416,5,CWE587
CWE434,53,CWE114
CWE404,8,CWE404
CWE426,8,CWE468
CWE476,7,CWE396
CWE761,53,CWE761
CWE563,82,CWE563
CWE426,9,CWE680
CWE426,5,CWE476
CWE426,15,CWE123
CWE311,4,CWE321
CWE415,9,CWE404
CWE415,8,CWE416
CWE426,4,CWE680
CWE434,9,CWE681
CWE426,8,CWE758
CWE434,12,CWE114
CWE114,53,CWE114
CWE415,7,CWE416
CWE426,9,CWE284
CWE424,4,CWE427
CWE426,10,CWE606
CWE415,15,CWE617
CWE476,5,CWE476
CWE414,7,CWE404
CWE464,10,CWE464
CWE426,6,CWE758
CWE761,15,CWE761
CWE415,5,CWE563
CWE476,5,CWE476
CWE416,7,CWE398
CWE434,35,CWE666
CWE362,5,CWE563
CWE434,4,CWE476
CWE90,54,CWE90
CWE426,4,CWE252
CWE426,21,CWE427
CWE426,11,CWE114
CWE426,11,CWE273
CWE773,52,CWE773
CWE434,9,CWE114
CWE84,84,CWE114
CWE415,6,CWE416
CWE427,68,CWE427
CWE426,16,CWE114
CWE427,53,CWE427
CWE319,54,CWE319
CWE400,12,CWE606
CWE476,4,CWE476
CWE415,8,CWE483
CWE426,5,CWE476
CWE400,13,CWE90
CWE426,5,CWE416
CWE426,25,CWE244
CWE406,6,CWE252
CWE426,5,CWE546
CWE494,4,CWE252
CWE416,8,CWE761
CWE476,5,CWE480
CWE426,12,CWE256
CWE476,6,CWE758
CWE415,11,CWE366
CWE434,6,CWE15
CWE426,13,CWE427
CWE416,4,CWE675
CWE434,8,CWE665
CWE426,11,CWE114
CWE426,11,CWE758
CWE426,8,CWE404
CWE426,4,CWE588
CWE476,11,CWE680
CWE426,6,CWE758
CWE426,10,CWE427
CWE406,11,CWE416
CWE415,8,CWE680
CWE680,82,CWE680
CWE476,6,CWE476
CWE415,27,CWE606
CWE400,14,CWE244
CWE426,4,CWE252
CWE415,5,CWE675
CWE400,7,CWE253
CWE400,10,CWE319
CWE415,8,CWE680
CWE773,12,CWE773
CWE426,10,CWE272
CWE426,6,CWE480
CWE426,11,CWE426
CWE426,11,CWE90
CWE426,15,CWE114
CWE416,5,CWE617
CWE476,5,CWE563
CWE426,19,CWE90
CWE406,11,CWE416
CWE426,9,CWE377
CWE415,4,CWE617
CWE666,4,CWE617
CWE434,14,CWE427
CWE434,9,CWE617
CWE426,24,CWE605
CWE426,8,CWE680
CWE416,5,CWE398
CWE406,11,CWE416
CWE416,5,CWE546
CWE416,5,CWE426
CWE426,5,CWE563
CWE426,11,CWE680
CWE426,5,CWE416
CWE427,15,CWE427
CWE434,5,CWE253
CWE426,5,CWE672
CWE82,7,CWE775
CWE476,8,CWE476
CWE259,54,CWE259
CWE415,6,CWE123
CWE434,6,CWE480
CWE617,6,CWE617
CWE400,14,CWE114
CWE752,7,CWE617
CWE416,8,CWE761
CWE426,10,CWE468
CWE321,10,CWE321
CWE476,5,CWE253
CWE426,9,CWE377
CWE426,9,CWE773
CWE20,4,CWE426
CWE426,4,CWE680
CWE259,9,CWE256
CWE617,11,CWE617
CWE400,7,CWE253
CWE427,61,CWE427
CWE426,9,CWE680
CWE426,5,CWE680
CWE426,6,CWE758
CWE114,14,CWE114
CWE114,10,CWE114
CWE426,11,CWE427
CWE476,11,CWE563
CWE426,11,CWE427
CWE434,14,CWE114
CWE400,8,CWE390
CWE114,54,CWE114
CWE415,5,CWE476
CWE416,8,CWE680
CWE425,17,CWE90
CWE476,7,CWE476
CWE404,54,CWE404
CWE665,54,CWE665
CWE426,10,CWE114
CWE415,9,CWE680
CWE761,52,CWE761
CWE426,9,CWE680
CWE426,11,CWE272
CWE426,4,CWE758
CWE427,83,CWE427
CWE362,6,CWE481
CWE476,11,CWE416
CWE761,3,CWE761
CWE426,136,CWE90
CWE426,136,CWE685
CWE787,7,CWE588
CWE416,7,CWE758
CWE252,6,CWE617
CWE416,5,CWE476
CWE761,84,CWE761
CWE426,7,CWE426
CWE416,8,CWE761
CWE416,8,CWE469
CWE426,9,CWE426
CWE416,7,CWE676
CWE665,83,CWE665
CWE427,52,CWE427
CWE427,52,CWE534
CWE406,10,CWE680
CWE426,4,CWE570
CWE426,51,CWE114
CWE362,5,CWE481
CWE415,5,CWE675
CWE426,8,CWE468
CWE416,7,CWE404
CWE416,4,CWE617
CWE426,10,CWE680
CWE416,6,CWE563
CWE416,6,CWE511
CWE426,7,CWE426
CWE440,9,CWE253
CWE20,4,CWE252
CWE606,83,CWE606
CWE426,8,CWE272
CWE426,7,CWE775
CWE415,5,CWE404
CWE416,4,CWE617
CWE321,68,CWE321
CWE426,6,CWE480
CWE617,4,CWE617
CWE362,4,CWE588
CWE415,6,CWE511
CWE426,5,CWE773
CWE426,10,CWE252
CWE426,11,CWE427
CWE772,6,CWE398
CWE476,8,CWE758
CWE434,16,CWE666
CWE416,7,CWE606
CWE426,5,CWE511
CWE415,7,CWE758
CWE843,7,CWE843
CWE426,11,CWE253
CWE259,24,CWE319
CWE416,5,CWE404
CWE416,8,CWE253
CWE426,4,CWE563
CWE434,24,CWE666
CWE434,24,CWE90
CWE321,10,CWE321
CWE675,3,CWE675
CWE252,4,CWE680
CWE415,7,CWE416
CWE434,14,CWE90
CWE321,11,CWE321
CWE426,6,CWE680
CWE415,5,CWE758
CWE457,16,CWE123
CWE426,6,CWE758
CWE426,7,CWE511
CWE426,15,CWE680
CWE426,13,CWE606
CWE401,14,CWE259
CWE426,7,CWE114
CWE259,6,CWE256
CWE252,6,CWE253
CWE406,7,CWE758
CWE775,7,CWE775
CWE22,13,CWE591
CWE416,5,CWE563
CWE415,6,CWE416
CWE404,10,CWE606
CWE319,52,CWE319
CWE400,13,CWE761
CWE426,11,CWE367
CWE259,4,CWE680
CWE259,10,CWE591
CWE400,31,CWE666
CWE476,5,CWE476
CWE426,15,CWE680
CWE476,10,CWE680
CWE416,6,CWE675
CWE426,4,CWE252
CWE427,13,CWE427
CWE426,5,CWE252
CWE426,9,CWE680
CWE326,7,CWE511
CWE426,5,CWE563
CWE416,12,CWE123
CWE426,7,CWE272
CWE476,5,CWE476
CWE259,53,CWE259
CWE415,7,CWE416
CWE416,23,CWE114
CWE426,5,CWE563
CWE400,5,CWE253
CWE416,5,CWE338
CWE434,11,CWE252
CWE415,8,CWE680
CWE415,10,CWE416
CWE416,8,CWE761
CWE416,9,CWE680
CWE259,9,CWE591
CWE426,11,CWE426
CWE416,10,CWE511
CWE426,11,CWE90
CWE426,11,CWE90
CWE426,9,CWE272
CWE416,7,CWE761
CWE400,7,CWE253
CWE416,4,CWE617
CWE426,10,CWE426
CWE467,6,CWE398
CWE775,8,CWE775
CWE426,6,CWE685
CWE20,12,CWE226
CWE426,7,CWE469
CWE415,11,CWE416
CWE426,4,CWE758
CWE259,13,CWE535
CWE252,5,CWE570
CWE476,6,CWE758
CWE761,52,CWE761
CWE416,11,CWE90
CWE416,14,CWE506
CWE400,7,CWE114
CWE426,13,CWE617
CWE427,13,CWE427
CWE416,100,CWE114
CWE426,100,CWE319
CWE426,100,CWE338
CWE426,7,CWE480
CWE400,11,CWE114
CWE476,6,CWE476
CWE426,5,CWE252
CWE427,14,CWE427
CWE427,14,CWE90
CWE415,8,CWE675
CWE416,8,CWE761
CWE415,11,CWE761
CWE426,11,CWE426
CWE476,63,CWE476
CWE416,6,CWE404
CWE415,10,CWE758
CWE416,6,CWE404
CWE476,7,CWE476
CWE114,11,CWE114
CWE256,10,CWE256
CWE326,5,CWE404
CWE426,26,CWE606
CWE362,6,CWE563
CWE400,15,CWE606
CWE426,5,CWE252
CWE415,7,CWE114
CWE426,5,CWE758
CWE761,54,CWE761
CWE90,14,CWE90
CWE457,6,CWE563
CWE476,5,CWE617
CWE415,7,CWE758
CWE415,8,CWE416
CWE20,5,CWE775
CWE497,5,CWE546
CWE400,6,CWE253
CWE476,6,CWE758
CWE761,16,CWE761
CWE426,5,CWE563
CWE761,14,CWE761
CWE414,9,CWE242
CWE476,9,CWE563
CWE434,11,CWE176
CWE434,11,CWE843
CWE400,6,CWE252
CWE416,8,CWE761
CWE259,41,CWE321
CWE404,53,CWE404
CWE476,4,CWE398
CWE319,63,CWE319
CWE415,5,CWE404
CWE426,6,CWE404
CWE434,10,CWE591
CWE606,17,CWE606
CWE362,7,CWE617
CWE114,4,CWE114
CWE416,8,CWE761
CWE426,7,CWE272
CWE434,11,CWE427
CWE426,16,CWE256
CWE426,7,CWE284
CWE78,10,CWE665
CWE426,11,CWE426
CWE426,8,CWE606
CWE426,6,CWE680
CWE476,5,CWE480
CWE426,5,CWE511
CWE617,68,CWE617
CWE617,68,CWE90
CWE426,12,CWE244
CWE415,6,CWE252
CWE426,6,CWE843
CWE434,7,CWE476
CWE426,4,CWE563
CWE426,5,CWE252
CWE404,7,CWE761
CWE416,7,CWE761
CWE476,11,CWE506
CWE426,11,CWE427
CWE426,6,CWE114
CWE426,8,CWE675
CWE494,5,CWE526
CWE467,5,CWE338
CWE426,8,CWE272
CWE426,22,CWE605
CWE426,7,CWE114
CWE426,7,CWE426
CWE490,7,CWE377
CWE490,7,CWE252
CWE434,15,CWE114
CWE497,10,CWE377
CWE22,9,CWE123
CWE415,7,CWE416
CWE426,17,CWE510
CWE426,6,CWE272
CWE434,14,CWE680
CWE434,14,CWE391
CWE761,11,CWE761
CWE426,5,CWE526
CWE426,24,CWE680
CWE20,12,CWE535
CWE426,11,CWE367
CWE476,6,CWE476
CWE415,9,CWE416
CWE675,7,CWE675
CWE400,10,CWE253
CWE416,5,CWE758
CWE90,13,CWE90
CWE416,9,CWE606
CWE476,4,CWE680
CWE415,10,CWE416
CWE259,24,CWE535
CWE485,11,CWE253
CWE415,8,CWE675
CWE427,13,CWE427
CWE426,8,CWE272
CWE415,7,CWE476
CWE404,10,CWE253
CWE426,8,CWE284
CWE319,22,CWE319
CWE476,12,CWE506
CWE415,5,CWE404
CWE426,30,CWE761
CWE457,5,CWE563
CWE114,6,CWE114
CWE22,10,CWE591
CWE252,7,CWE253
CWE427,65,CWE427
CWE434,6,CWE665
CWE476,6,CWE758
CWE476,9,CWE680
CWE416,4,CWE563
CWE497,8,CWE253
CWE606,11,CWE606
CWE434,13,CWE114
CWE426,5,CWE758
CWE680,5,CWE680
CWE476,6,CWE476
CWE680,83,CWE680
CWE457,7,CWE563
CWE415,11,CWE427
CWE426,24,CWE222
CWE400,7,CWE253
CWE434,16,CWE427
CWE416,14,CWE680
CWE415,6,CWE416
CWE476,11,CWE506
CWE415,7,CWE476
CWE415,7,CWE90
CWE426,10,CWE284
CWE476,4,CWE617
CWE490,7,CWE253
CWE426,9,CWE188
CWE20,7,CWE253
CWE426,5,CWE587
CWE490,5,CWE563
CWE426,5,CWE680
CWE426,5,CWE563
CWE490,7,CWE398
CWE415,7,CWE758
CWE416,4,CWE476
CWE404,83,CWE404
CWE426,9,CWE680
CWE426,8,CWE459
CWE404,9,CWE761
CWE426,8,CWE426
CWE415,11,CWE366
CWE415,6,CWE675
CWE606,10,CWE606
CWE416,5,CWE546
CWE467,6,CWE758
CWE426,14,CWE114
CWE416,6,CWE398
CWE434,9,CWE176
CWE426,5,CWE252
CWE490,4,CWE252
CWE761,54,CWE761
CWE426,11,CWE272
CWE476,7,CWE391
CWE490,4,CWE252
CWE259,10,CWE259
CWE400,11,CWE606
CWE426,4,CWE252
CWE476,6,CWE390
CWE123,54,CWE123
CWE617,13,CWE617
CWE426,10,CWE284
CWE22,11,CWE773
CWE606,15,CWE606
CWE259,68,CWE591
CWE426,7,CWE426
CWE415,9,CWE404
CWE426,8,CWE272
CWE259,16,CWE534
CWE476,68,CWE476
CWE426,8,CWE464
CWE416,9,CWE680
CWE426,8,CWE377
CWE617,8,CWE617
CWE680,83,CWE680
CWE434,11,CWE681
CWE476,11,CWE506
CWE416,8,CWE761
CWE416,4,CWE252
CWE675,4,CWE675
CWE426,11,CWE427
CWE680,5,CWE680
CWE259,12,CWE244
CWE415,5,CWE416
CWE476,5,CWE253
CWE606,13,CWE606
CWE415,5,CWE390
CWE426,4,CWE546
CWE426,5,CWE252
CWE426,7,CWE377
CWE427,54,CWE427
CWE434,10,CWE114
CWE680,11,CWE680
CWE426,11,CWE114
CWE426,9,CWE773
CWE400,11,CWE761
CWE426,8,CWE123
CWE416,8,CWE761
CWE23,5,CWE404
CWE675,3,CWE675
CWE415,7,CWE843
CWE434,5,CWE114
CWE434,5,CWE366
CWE415,9,CWE758
CWE476,14,CWE761
CWE362,9,CWE475
CWE617,3,CWE617
CWE404,11,CWE404
CWE400,9,CWE606
CWE426,54,CWE319
CWE400,13,CWE90
CWE434,5,CWE563
CWE476,7,CWE563
CWE412,7,CWE398
CWE426,9,CWE773
CWE434,12,CWE90
CWE415,12,CWE416
CWE416,9,CWE606
CWE426,8,CWE606
CWE426,11,CWE680
CWE426,7,CWE685
CWE416,12,CWE90
CWE426,11,CWE114
CWE606,13,CWE606
CWE490,11,CWE272
CWE434,14,CWE90
CWE415,8,CWE758
CWE426,4,CWE427
CWE617,53,CWE617
CWE426,6,CWE416
CWE20,4,CWE675
CWE416,4,CWE617
CWE20,5,CWE253
CWE426,14,CWE244
CWE680,5,CWE680
CWE434,12,CWE761
CWE476,4,CWE476
CWE680,7,CWE680
CWE434,17,CWE427
CWE426,11,CWE114
CWE606,11,CWE606
CWE434,60,CWE114
CWE434,7,CWE563
CWE500,4,CWE500
CWE761,14,CWE761
CWE476,5,CWE391
CWE606,10,CWE606
CWE434,10,CWE606
CWE319,10,CWE325
CWE311,4,CWE252
CWE426,9,CWE90
CWE426,14,CWE90
CWE426,54,CWE426
CWE606,7,CWE606
CWE415,7,CWE404
CWE476,4,CWE252
CWE426,9,CWE123
CWE415,6,CWE675
CWE416,8,CWE196
CWE416,8,CWE761
CWE434,14,CWE90
CWE426,15,CWE114
CWE415,8,CWE758
CWE426,9,CWE272
CWE400,14,CWE606
CWE426,11,CWE606
CWE123,53,CWE123
CWE426,9,CWE272
CWE259,10,CWE615
CWE259,8,CWE256
CWE416,6,CWE404
CWE415,8,CWE404
CWE22,8,CWE272
CWE426,11,CWE773
CWE416,5,CWE563
CWE404,8,CWE761
CWE426,23,CWE606
CWE476,5,CWE617
CWE362,5,CWE563
CWE426,56,CWE114
CWE457,7,CWE563
CWE415,15,CWE617
CWE434,10,CWE681
CWE22,11,CWE426
CWE426,9,CWE680
CWE434,17,CWE15
CWE476,4,CWE758
CWE476,4,CWE476
CWE434,17,CWE427
CWE617,54,CWE617
CWE476,10,CWE284
CWE775,12,CWE775
CWE416,5,CWE404
CWE416,13,CWE114
CWE434,144,CWE90
CWE426,4,CWE476
CWE176,5,CWE176
CWE426,7,CWE427
CWE426,6,CWE685
CWE617,11,CWE617
CWE426,17,CWE256
CWE426,11,CWE680
CWE476,11,CWE672
CWE259,25,CWE319
CWE426,11,CWE272
CWE415,4,CWE563
CWE426,5,CWE675
CWE22,14,CWE680
CWE252,7,CWE252
CWE416,5,CWE675
CWE434,15,CWE90
CWE416,5,CWE404
CWE476,9,CWE123
CWE434,7,CWE665
CWE78,6,CWE665
CWE404,9,CWE252
CWE415,5,CWE252
CWE476,7,CWE390
CWE415,6,CWE404
CWE416,5,CWE404
CWE426,7,CWE272
CWE326,7,CWE253
CWE426,10,CWE680
CWE20,5,CWE404
CWE426,4,CWE476
CWE426,13,CWE114
CWE416,13,CWE90
CWE434,11,CWE256
CWE426,6,CWE775
CWE23,6,CWE773
CWE426,11,CWE377
CWE787,6,CWE674
CWE426,25,CWE761
CWE134,4,CWE252
CWE425,10,CWE256
CWE426,22,CWE680
CWE401,11,CWE665
CWE467,5,CWE476
CWE78,4,CWE563
CWE259,13,CWE535
CWE426,9,CWE680
CWE89,4,CWE680
CWE434,12,CWE427
CWE426,7,CWE758
CWE415,7,CWE416
CWE476,10,CWE123
CWE77,6,CWE563
CWE762,5,CWE563
CWE772,5,CWE563
CWE426,14,CWE114
CWE415,8,CWE416
CWE427,10,CWE427
CWE416,9,CWE606
CWE426,5,CWE758
CWE426,8,CWE468
CWE362,4,CWE680
CWE400,12,CWE90
CWE416,4,CWE617
CWE252,4,CWE680
CWE404,11,CWE404
CWE404,5,CWE404
CWE476,8,CWE672
CWE434,15,CWE114
CWE426,7,CWE114
CWE427,10,CWE427
CWE426,8,CWE468
CWE434,12,CWE114
CWE416,14,CWE761
CWE319,16,CWE780
CWE259,10,CWE259
CWE426,5,CWE253
CWE400,5,CWE476
CWE426,11,CWE253
CWE426,11,CWE90
CWE416,8,CWE761
CWE426,11,CWE680
CWE416,5,CWE476
CWE426,6,CWE427
CWE434,10,CWE114
CWE476,5,CWE476
CWE90,54,CWE90
CWE426,24,CWE761
CWE426,4,CWE427
CWE415,8,CWE483
CWE404,9,CWE685
CWE400,23,CWE319
CWE757,9,CWE588
CWE773,83,CWE773
CWE476,11,CWE680
CWE415,8,CWE253
CWE434,5,CWE253
CWE434,7,CWE484
CWE494,7,CWE253
CWE259,11,CWE259
CWE426,11,CWE90
CWE761,84,CWE761
CWE327,10,CWE272
CWE426,11,CWE606
CWE416,11,CWE90
CWE416,8,CWE606
CWE415,9,CWE680
CWE426,5,CWE253
CWE426,6,CWE758
CWE415,7,CWE832
CWE400,13,CWE90
CWE426,11,CWE680
CWE415,25,CWE606
CWE773,11,CWE773
CWE476,7,CWE391
CWE427,11,CWE591
CWE416,6,CWE758
CWE426,5,CWE563
CWE606,52,CWE606
CWE400,14,CWE666
CWE415,8,CWE416
CWE775,83,CWE775
CWE563,5,CWE563
CWE476,5,CWE617
CWE426,5,CWE398
CWE434,14,CWE90
CWE416,5,CWE563
CWE426,11,CWE284
CWE426,4,CWE464
CWE416,7,CWE272
CWE761,53,CWE761
CWE761,54,CWE761
CWE90,15,CWE90
CWE426,7,CWE404
CWE426,13,CWE90
CWE416,7,CWE761
CWE665,4,CWE665
CWE426,5,CWE571
CWE426,9,CWE284
CWE415,7,CWE476
CWE426,4,CWE526
CWE416,8,CWE482
CWE434,5,CWE563
CWE400,15,CWE90
CWE497,4,CWE252
CWE426,10,CWE272
CWE426,4,CWE252
CWE457,5,CWE398
CWE415,5,CWE758
CWE494,4,CWE252
CWE426,9,CWE377
CWE490,5,CWE398
CWE415,23,CWE617
CWE416,7,CWE404
CWE426,11,CWE377
CWE20,4,CWE252
CWE591,54,CWE591
CWE434,9,CWE242
CWE426,11,CWE680
CWE426,7,CWE272
CWE426,8,CWE680
CWE415,7,CWE758
CWE426,9,CWE284
CWE22,4,CWE773
CWE426,15,CWE680
CWE83,4,CWE114
CWE83,4,CWE367
CWE416,8,CWE606
CWE426,11,CWE284
CWE434,11,CWE665
CWE90,54,CWE90
CWE457,5,CWE563
CWE772,6,CWE563
CWE415,7,CWE366
CWE415,7,CWE606
CWE606,26,CWE606
CWE426,7,CWE426
CWE415,9,CWE377
CWE606,12,CWE606
CWE404,5,CWE404
CWE15,4,CWE15
CWE426,5,CWE758
CWE426,13,CWE90
CWE434,8,CWE475
CWE761,5,CWE761
CWE416,11,CWE761
CWE426,11,CWE114
CWE416,5,CWE253
CWE416,4,CWE617
CWE22,6,CWE675
CWE176,5,CWE176
CWE606,84,CWE606
CWE476,10,CWE680
CWE617,5,CWE617
CWE416,8,CWE675
CWE327,5,CWE273
CWE327,5,CWE666
CWE415,13,CWE775
CWE426,10,CWE426
CWE400,11,CWE427
CWE490,7,CWE377
CWE426,45,CWE319
CWE434,14,CWE606
CWE23,4,CWE404
CWE427,83,CWE427
CWE467,5,CWE398
CWE476,4,CWE563
CWE311,8,CWE321
CWE259,25,CWE328
CWE434,11,CWE114
CWE400,11,CWE761
CWE426,23,CWE222
CWE400,11,CWE253
CWE400,11,CWE620
CWE406,10,CWE416
CWE426,11,CWE367
CWE426,13,CWE606
CWE416,7,CWE390
CWE476,14,CWE416
CWE426,11,CWE319
CWE434,23,CWE328
CWE426,12,CWE367
CWE426,5,CWE426
CWE617,68,CWE617
CWE426,5,CWE252
CWE404,63,CWE404
CWE434,5,CWE416
CWE415,7,CWE416
CWE476,6,CWE467
CWE476,6,CWE482
CWE426,6,CWE476
CWE415,7,CWE563
CWE426,5,CWE476
CWE311,5,CWE252
CWE434,16,CWE319
CWE426,4,CWE843
CWE434,10,CWE681
CWE400,7,CWE427
CWE606,54,CWE606
CWE426,5,CWE253
CWE415,5,CWE253
CWE476,11,CWE506
CWE400,7,CWE252
CWE618,9,CWE15
CWE426,4,CWE427
CWE400,11,CWE761
CWE476,7,CWE467
CWE476,7,CWE416
CWE426,8,CWE252
CWE415,7,CWE416
CWE415,6,CWE253
CWE426,13,CWE427
CWE426,7,CWE761
CWE426,6,CWE775
CWE404,11,CWE404
CWE434,12,CWE761
CWE680,83,CWE680
CWE404,54,CWE404
CWE415,5,CWE758
CWE259,9,CWE259
CWE401,11,CWE253
CWE400,12,CWE761
CWE426,14,CWE90
CWE425,10,CWE426
CWE426,4,CWE273
CWE400,15,CWE427
CWE426,12,CWE427
CWE434,15,CWE114
CWE415,5,CWE416
CWE434,19,CWE427
CWE467,5,CWE563
CWE563,84,CWE563
CWE406,11,CWE416
CWE90,13,CWE90
CWE415,7,CWE416
CWE490,5,CWE252
CWE259,11,CWE319
CWE415,6,CWE758
CWE426,8,CWE284
CWE259,82,CWE259
CWE414,11,CWE617
CWE415,8,CWE843
CWE426,8,CWE114
CWE434,11,CWE665
CWE434,13,CWE90
CWE416,8,CWE617
CWE321,9,CWE321
CWE311,25,CWE328
CWE457,14,CWE123
CWE476,9,CWE680
CWE90,83,CWE90
CWE400,4,CWE476
CWE416,5,CWE758
CWE426,4,CWE427
CWE426,6,CWE468
CWE416,7,CWE680
CWE404,61,CWE404
CWE415,6,CWE775
CWE416,7,CWE758
CWE426,5,CWE773
CWE362,8,CWE481
CWE426,6,CWE675
CWE476,6,CWE476
CWE415,7,CWE667
CWE415,9,CWE675
CWE416,17,CWE90
CWE426,11,CWE426
CWE416,7,CWE476
CWE406,7,CWE416
CWE90,54,CWE90
CWE490,10,CWE272
CWE416,13,CWE114
CWE319,5,CWE252
CWE434,17,CWE427
CWE114,10,CWE114
CWE400,15,CWE666
CWE134,5,CWE253
CWE772,5,CWE398
CWE416,5,CWE482
CWE773,11,CWE773
CWE400,16,CWE510
CWE490,5,CWE563
CWE476,7,CWE563
CWE490,4,CWE252
CWE476,11,CWE416
CWE20,9,CWE426
CWE415,5,CWE416
CWE427,13,CWE427
CWE426,7,CWE377
CWE476,9,CWE680
CWE606,15,CWE606
CWE259,13,CWE535
CWE773,10,CWE773
CWE259,54,CWE259
CWE426,5,CWE476
CWE467,8,CWE253
CWE404,51,CWE404
CWE434,25,CWE666
CWE22,5,CWE253
CWE434,13,CWE591
CWE466,15,CWE123
CWE757,6,CWE563
CWE426,5,CWE563
CWE665,7,CWE665
CWE476,9,CWE123
CWE426,10,CWE244
CWE426,4,CWE588
CWE426,4,CWE761
CWE427,12,CWE427
CWE426,5,CWE427
CWE415,8,CWE675
CWE426,4,CWE398
CWE426,4,CWE563
CWE494,4,CWE252
CWE326,33,CWE327
CWE761,53,CWE761
CWE416,5,CWE404
CWE404,6,CWE404
CWE415,4,CWE775
CWE426,9,CWE284
CWE476,5,CWE476
CWE424,5,CWE588
CWE426,17,CWE319
CWE426,15,CWE680
CWE415,5,CWE476
CWE416,7,CWE377
CWE606,54,CWE606
CWE665,5,CWE665
CWE426,5,CWE398
CWE415,6,CWE758
CWE426,10,CWE114
CWE415,11,CWE284
CWE426,6,CWE398
CWE617,4,CWE617
CWE776,5,CWE398
CWE326,5,CWE253
CWE426,9,CWE284
CWE680,5,CWE680
CWE591,84,CWE591
CWE426,14,CWE680
CWE426,5,CWE511
CWE434,17,CWE427
CWE49,8,CWE484
CWE259,9,CWE259
CWE415,5,CWE404
CWE416,4,CWE617
CWE426,14,CWE114
CWE400,9,CWE253
CWE476,6,CWE476
CWE259,12,CWE226
CWE415,11,CWE416
CWE415,11,CWE364
CWE426,6,CWE563
CWE426,6,CWE252
CWE476,5,CWE476
CWE262,7,CWE390
CWE259,11,CWE284
CWE362,5,CWE123
CWE416,6,CWE511
CWE457,5,CWE563
CWE563,8,CWE563
CWE426,10,CWE367
CWE490,4,CWE253
CWE319,53,CWE319
CWE22,11,CWE675
CWE404,10,CWE404
CWE259,24,CWE226
CWE426,4,CWE427
CWE467,5,CWE563
CWE466,5,CWE617
CWE434,15,CWE666
CWE426,7,CWE398
CWE400,6,CWE476
CWE426,5,CWE416
CWE434,19,CWE680
CWE416,7,CWE390
CWE256,14,CWE256
CWE434,7,CWE475
CWE426,4,CWE398
CWE416,9,CWE377
CWE134,6,CWE475
CWE424,4,CWE427
CWE259,4,CWE252
CWE401,9,CWE252
CWE416,11,CWE90
CWE416,7,CWE398
CWE490,4,CWE252
CWE476,11,CWE506
CWE675,83,CWE675
CWE426,22,CWE319
CWE319,54,CWE319
CWE426,10,CWE256
CWE427,13,CWE427
CWE415,4,CWE476
CWE404,10,CWE404
CWE416,5,CWE758
CWE434,25,CWE606
CWE426,5,CWE476
CWE427,15,CWE427
CWE606,14,CWE606
CWE606,10,CWE606
CWE400,9,CWE253
CWE427,14,CWE427
CWE426,9,CWE606
CWE326,4,CWE563
CWE426,7,CWE252
CWE761,4,CWE761
CWE426,8,CWE404
CWE426,4,CWE252
CWE404,10,CWE404
CWE426,5,CWE427
CWE426,8,CWE606
CWE20,4,CWE404
CWE20,5,CWE426
CWE415,7,CWE253
CWE321,11,CWE321
CWE434,17,CWE90
CWE476,6,CWE617
CWE425,9,CWE256
CWE426,8,CWE114
CWE426,56,CWE114
CWE426,4,CWE563
CWE25,9,CWE390
CWE497,5,CWE253
CWE434,14,CWE114
CWE415,32,CWE606
CWE259,5,CWE426
CWE426,35,CWE114
CWE416,4,CWE675
CWE426,10,CWE426
CWE82,12,CWE114
CWE434,16,CWE761
CWE426,5,CWE758
CWE563,10,CWE563
CWE434,7,CWE427
CWE426,9,CWE284
CWE563,83,CWE563
CWE311,58,CWE327
CWE400,11,CWE665
CWE426,10,CWE427
CWE426,9,CWE459
CWE416,7,CWE404
CWE416,7,CWE761
CWE416,9,CWE775
CWE426,11,CWE761
CWE497,10,CWE273
CWE606,14,CWE606
CWE404,8,CWE761
CWE416,8,CWE426
CWE416,8,CWE761
CWE259,10,CWE259
CWE426,9,CWE680
CWE666,4,CWE617
CWE416,12,CWE90
CWE20,4,CWE404
CWE426,7,CWE476
CWE426,7,CWE468
CWE426,8,CWE680
CWE606,12,CWE606
CWE426,7,CWE773
CWE415,5,CWE758
CWE426,4,CWE252
CWE434,4,CWE680
CWE476,5,CWE253
CWE416,5,CWE563
CWE416,11,CWE761
CWE427,10,CWE427
CWE434,12,CWE591
CWE20,7,CWE253
CWE400,11,CWE761
CWE400,11,CWE90
CWE426,8,CWE256
CWE406,11,CWE252
CWE400,11,CWE606
CWE434,7,CWE253
CWE476,4,CWE680
CWE426,9,CWE377
CWE494,5,CWE252
CWE426,6,CWE15
CWE426,68,CWE426
CWE416,6,CWE404
CWE416,9,CWE606
CWE680,3,CWE680
CWE426,11,CWE665
CWE434,6,CWE665
CWE426,11,CWE377
CWE416,14,CWE114
CWE415,9,CWE416
CWE476,9,CWE476
CWE416,7,CWE404
CWE78,11,CWE665
CWE563,82,CWE563
CWE415,7,CWE758
CWE426,8,CWE272
CWE494,4,CWE397
CWE401,10,CWE252
CWE20,10,CWE253
CWE434,7,CWE665
CWE20,7,CWE404
CWE23,4,CWE426
CWE259,14,CWE535
CWE416,6,CWE404
CWE434,9,CWE475
CWE259,5,CWE511
CWE476,5,CWE476
CWE426,7,CWE284
CWE416,16,CWE90
CWE400,12,CWE761
CWE426,5,CWE526
CWE259,53,CWE259
CWE415,4,CWE416
CWE426,11,CWE284
CWE400,16,CWE666
CWE617,14,CWE617
CWE426,5,CWE377
CWE455,4,CWE397
CWE259,11,CWE259
CWE476,9,CWE476
CWE90,53,CWE90
CWE415,6,CWE758
CWE426,11,CWE680
CWE22,7,CWE775
CWE400,11,CWE761
CWE252,5,CWE253
CWE426,17,CWE114
CWE114,53,CWE114
CWE617,84,CWE617
CWE426,9,CWE114
CWE761,10,CWE761
CWE415,8,CWE476
CWE415,6,CWE404
CWE123,53,CWE123
CWE426,22,CWE114
CWE256,13,CWE256
CWE404,68,CWE404
CWE426,9,CWE588
CWE434,16,CWE321
CWE426,5,CWE416
CWE426,9,CWE188
CWE426,6,CWE416
CWE426,7,CWE259
CWE476,9,CWE680
CWE617,5,CWE617
CWE462,5,CWE253
CWE400,11,CWE761
CWE319,6,CWE253
CWE761,54,CWE761
CWE426,4,CWE427
CWE426,54,CWE114
CWE426,11,CWE273
CWE426,4,CWE427
CWE426,7,CWE563
CWE426,8,CWE416
CWE426,7,CWE398
CWE416,5,CWE563
CWE426,8,CWE606
CWE426,4,CWE252
CWE415,5,CWE758
CWE426,5,CWE563
CWE426,9,CWE665
CWE415,6,CWE404
CWE426,8,CWE252
CWE426,5,CWE253
CWE401,8,CWE665
CWE23,5,CWE426
CWE434,14,CWE123
CWE259,8,CWE319
CWE563,83,CWE563
CWE484,8,CWE272
CWE484,8,CWE90
CWE434,8,CWE464
CWE426,7,CWE617
CWE561,6,CWE617
CWE561,6,CWE90
CWE427,84,CWE427
CWE434,22,CWE15
CWE606,10,CWE606
CWE434,17,CWE247
CWE415,8,CWE416
CWE427,10,CWE427
CWE416,4,CWE546
CWE426,15,CWE114
CWE434,15,CWE114
CWE464,5,CWE476
CWE457,4,CWE546
CWE761,5,CWE761
CWE490,9,CWE252
CWE416,16,CWE114
CWE434,12,CWE606
CWE467,6,CWE396
CWE426,13,CWE244
CWE426,6,CWE252
CWE490,4,CWE252
CWE84,84,CWE114
CWE84,84,CWE90
CWE426,11,CWE273
CWE426,9,CWE588
CWE426,11,CWE253
CWE426,9,CWE680
CWE457,5,CWE563
CWE426,26,CWE319
CWE362,6,CWE563
CWE434,14,CWE90
CWE494,7,CWE459
CWE114,52,CWE114
CWE404,52,CWE404
CWE434,7,CWE665
CWE426,5,CWE476
CWE426,7,CWE426
CWE426,7,CWE391
CWE484,7,CWE391
CWE434,11,CWE176
CWE400,12,CWE244
CWE20,11,CWE253
CWE476,9,CWE680
CWE427,8,CWE427
CWE426,11,CWE377
CWE426,4,CWE680
CWE259,14,CWE226
CWE476,9,CWE680
CWE259,45,CWE319
CWE426,6,CWE843
